waterbody,date,dateNUTR,year,town,latitude,longitude,state,data_source,mult_survey,off_season,surfacearea_ha,surfaceaarea_sqm,perimeter_m,shoreline_development,depth_max_m,depth_avg_m,forested_shoreline_prop,inflow,outflow,FP_presence,FPcover_avg,FPcover_low_est,FPcover_max,FPcover_min,azolla,eichhornia_crassipes,lemna_minor,lemna_trisulca,lemna_valdiviana,riccia,spirodela_polyrhiza,wolffia,wolffia_borealis,wolffia_brasiliensis,allplant_species_richness,FP_species_richness,nonFP_species_richness,regime,azolla_cover_prop,lminor_cover_prop,lvaldiviana_cover_prop,ltrisulca_cover_prop,riccia_cover_prop,spolyrhiza_cover_prop,wolffia_cover_prop,wbrasiliensis_cover_prop,wborealis_cover_prop,TOTP_n,TOTP_avg,TOTP_SE,PO4_n,PO4_avg,PO4_SE,TOTN_n,TOTN_avg,TOTN_SE,NO3_n,NO3_avg,NO3_SE,NH4_n,NH4_avg,NH4_SE,totNtotP_n,totNtotP_avg,totNtotP_SE,PH_n,PH_avg,PH_SE,COND_n,COND_avg,COND_SE,DO_n,DO_avg,DO_SE,TEMP_n,TEMP_avg,TEMP_SE,ALK_n,ALK_avg,ALK_SE,secchi_n,secchi_avg,secchi_SE,notes,alisma,alisma_subcordatum,brasenia,cabomba,callitriche,callitriche_verna,callitriche_hetero,callitriche_stag,cardamine,ceratophyllum_dem,ceratophyllum_echin,charphyte,decodon,egeria,elatine,elatine_ameri,elatine_minima,elatine_triandra,eleocharis,eleocharis_acic,eleocharis_ellip,ellocharis_parv,elodea_canad,elodea_nutt,eriocaulon_aqua,fil_algae,glossostigma,gratiola,hydrilla,isoetes,isoetes_acad,isoetes_eaton,isoetes_echino,isoetes_engel,isoetes_lacus,isoetes_tuck,juncus,juncus_pelo,lobelia,ludwigia,ludwigia_dub,ludwigia_lac,ludwigia_pal,marsilea,megalodonta,myosotis,myriophyllum,myriophyllum_alt,myriophyllum_aqua,myriophyllum_hetero,myriophyllum_hetero_lax,myriophyllum_hum,myriophyllum_ten,myriophyllum_sibi,myriophyllum_spic,najas_flex,najas_grac,najas_guad,najas_minor,nasturtium,nelumbo,nuphar,nymphaea_odor,nymphaea_odor_odor,nymphaea_odor_tuber,nymphoides,nymphoides_cordata,nymphoides_pelt,peltandra,phragmites,polygonum,polygonum_amphi,polygonum_hydro,pontederia,potamogeton,potamogeton_ampli,potamogeton_berch,potamogeton_biculp,potamogeton_conferv,potamogeton_crispus,potamogeton_epi,potamogeton_foli,potamogeton_frie,potamogeton_grami,potamogeton_ilino,potamogeton_ilino_hybrid,potamogeton_natans,potamogeton_nodos,potamogeton_oakes,potamogeton_palus,potamogeton_perfo,potamogeton_pulch,potamogeton_pusil,potamogeton_prael,potamogeton_rich,potamogeton_robb,potamogeton_spir,potamogeton_vase,potamogeton_zost,proserpinaca,ranunculus,sagittaria,sagittaria_gram,sagittaria_lati,schoenoplectus,sparganium,sparganium_ameri,stuckenia,trapa,typha,typha_latif,sedge,utricularia,utricularia_gemi,utricularia_gibb,utricularia_inter,utricularia_macro,utricularia_mini,utricularia_mino,utricularia_purp,utricularia_radi,utricularia_subu,utricularia_vulg,vallisneria,zannichellia,zosterella,breakpoint02,third,half,breakpoint03,third_appE,breakpoint04
Spring Lake (2),9/24/2009,9/24/2009,2009,Southington,41.1347,73.4222,CT,CAES,N,N,3.08,30902.216,1232.62,1.978,1.3,NA,0.6023,NA,NA,Y,0.0535,0.0535,0.0535,0.0535,0,0,1,0,0,0,0,1,0,0,6,2,4,SAV,0,0.03164,0,0,0,0,0.02187,0,0,1,0.017,NA,NA,NA,NA,NA,NA,NA,NA,NA,NA,NA,NA,NA,NA,,NA,1,9.2,NA,1,263,NA,1,15.2,NA,1,21.3,NA,1,165,NA,1,1.3,NA,,0,0,0,0,1,0,0,0,0,0,0,0,0,0,0,0,0,0,0,0,0,0,0,0,0,0,0,0,0,0,0,0,0,0,0,0,0,0,0,0,0,0,0,0,0,0,0,0,0,0,0,0,0,0,0,0,0,0,1,0,0,0,0,0,0,0,0,0,0,0,0,0,0,0,0,0,0,0,0,1,0,0,0,0,0,0,0,0,0,0,0,0,1,0,0,0,0,0,0,0,0,0,0,0,0,0,0,0,0,0,0,0,0,0,0,0,0,0,0,0,0,0,0,0,0,0,below,lesser,lesser,below,lesser,below
Paul T. Given County Park Pond,combined,2/28/2012,comb,Smithtown,40.8574,73.2103,NY,MJM,Y,N,0.1,971.76,129.25,1.179,1,NA,0.7705,NA,NA,Y,0.3373,0.4458,0.4458,0.138,0,0,1,0,0,1,1,0,0,1,7,4,3,SAV,0,0.21633,0,0,0.01067,0.04635,0,0.01674,0,4,0.01768,0.00098,6,0.042771216,0.016594683,4,2.9758,0.97581,6,1.583227546,0.396665613,6,0.074243339,0.011929965,NA,168.2691,NA,5,6.59,0.16,6,239.3069444,6.036651335,5,9.771666667,0.790484205,5,20.645,1.240820741,NA,NA,NA,NA,NA,NA,,0,0,1,0,0,0,0,0,0,0,0,0,0,0,0,0,0,0,0,0,0,0,0,0,0,0,0,0,0,0,0,0,0,0,0,0,0,0,0,0,0,0,0,0,0,0,0,0,0,1,0,0,0,0,0,0,0,0,0,0,0,0,0,0,0,0,0,0,0,0,0,0,0,0,0,0,0,0,0,0,0,0,0,0,0,0,0,0,0,0,0,0,0,0,0,0,0,0,0,0,0,0,0,0,0,0,0,0,0,0,0,0,1,0,0,0,0,0,0,0,0,0,0,0,0,0,below,lesser,lesser,below,lesser,below
Redwing Pond,7/13/2009,7/13/2009,2009,Ansonia,41.3444,73.0525,CT,CAES,N,N,0.49,4845.169,284.488,1.152,1,NA,0.8224,NA,NA,Y,0.0173,0.0173,0.0173,0.0173,0,0,1,0,0,0,1,0,0,0,10,2,8,SAV,0,0.00479,0,0,0,0.01253,0,0,0,2,0.018,0,NA,NA,NA,NA,NA,NA,NA,NA,NA,NA,NA,NA,NA,,NA,2,5.95,0.05,2,57.95,2.85,1,12.1,NA,1,19.9,NA,2,22.15,1.85,1,1.1,NA,,0,0,0,0,1,0,1,1,0,1,0,0,0,0,0,0,0,0,0,0,0,0,0,0,0,1,0,0,0,0,0,0,0,0,0,0,0,0,0,0,0,0,0,0,0,0,0,0,0,0,0,0,0,0,0,0,0,1,0,0,0,0,0,0,0,0,0,0,0,0,0,0,0,0,0,0,0,1,0,0,0,0,0,0,0,0,0,0,0,0,0,0,1,0,0,0,0,0,0,0,0,0,0,0,0,0,0,0,0,0,0,0,0,0,0,0,0,0,0,0,0,0,0,0,0,0,below,lesser,lesser,below,lesser,below
Anni's Pond (Kleman's Dam),6/20/2011,6/20/2011,2011,Bethany,41.4551,72.995,CT,CAES,N,N,2.19,20327.33,653.71,1.293,3.5,NA,0.9541,0,0,Y,0.0014,0.0014,0.0014,0.0014,0,0,1,0,0,0,0,0,0,0,19,1,18,SAV,0,0.00142,0,0,0,0,0,0,0,2,0.0195,5.00E-04,NA,NA,NA,NA,NA,NA,NA,NA,NA,NA,NA,NA,NA,,NA,2,5.95,0.05,2,129.5,3.5,1,5.2,NA,1,23.6,NA,2,131.25,3.75,1,2,NA,,0,0,1,0,1,0,0,0,0,1,0,0,0,0,1,0,0,0,1,0,0,0,0,0,0,0,0,0,0,0,0,0,0,0,0,0,0,0,0,0,0,0,1,0,0,0,0,0,0,0,0,1,0,0,0,0,1,0,0,0,0,1,1,0,0,0,0,0,0,0,0,0,0,1,0,0,0,1,0,0,1,1,0,0,0,0,0,0,0,0,0,0,0,0,0,1,0,0,0,0,0,1,0,0,0,1,0,0,0,0,0,0,0,0,1,0,0,0,0,0,0,0,0,0,0,0,below,lesser,lesser,below,lesser,below
Swan Pond (2),combined,"3/12, 8/23",comb,East Patchogue,40.7699,72.9932,NY,MJM,Y,N,4.39,43944.06,1500.87,2.02,2.134,NA,0.7627,NA,NA,Y,0.0019,0.0038,0.0038,1.00E-04,0,0,1,0,1,0,1,0,0,1,4,4,0,SAV,0,0.00047,0.00094,0,0,2.00E-05,0,0.00051,0,3,0.0222,0.0016,2,0.04287,0.006945112,4,1.4055,0.126007069,2,1.19183,0.35125364,2,0.02332,0.002782849,NA,#DIV/0!,NA,2,7.0475,0.1725,2,175.56667,2.366666667,3,9.833333333,0.145296631,3,27.53333333,0.202758751,NA,NA,NA,NA,NA,NA,,NA,NA,NA,NA,NA,NA,NA,NA,NA,NA,NA,NA,NA,NA,NA,NA,NA,NA,NA,NA,NA,NA,NA,NA,NA,NA,NA,NA,NA,NA,NA,NA,NA,NA,NA,NA,NA,NA,NA,NA,NA,NA,NA,NA,NA,NA,NA,NA,NA,NA,NA,NA,NA,NA,NA,NA,NA,NA,NA,NA,NA,NA,NA,NA,NA,NA,NA,NA,NA,NA,NA,NA,NA,NA,NA,NA,NA,NA,NA,NA,NA,NA,NA,NA,NA,NA,NA,NA,NA,NA,NA,NA,NA,NA,NA,NA,NA,NA,NA,NA,NA,NA,NA,NA,NA,NA,NA,NA,NA,NA,NA,NA,NA,NA,NA,NA,NA,NA,NA,NA,NA,NA,NA,NA,NA,NA,below,lesser,lesser,below,lesser,below
New England Road Pond,9/13/2013,9/13/2013,2013,Guilford,41.316501,72.722299,CT,MJM,N,N,0.0275,275,83.9,1.427,1,NA,0.6294,NA,NA,Y,0.8,0.8,0.8,0.8,0,0,1,0,0,0,1,0,0,0,2,2,0,FP,NA,NA,NA,NA,NA,NA,NA,NA,NA,2,0.02234,0.000357035,NA,NA,NA,2,0.30194,0.04563143,NA,NA,NA,NA,NA,NA,NA,13.5153,NA,NA,NA,NA,1,153,NA,NA,NA,NA,NA,NA,NA,NA,NA,NA,NA,NA,NA,Qualitative estimate of FP cover; no data on FP species % composition; lots of emergent species present,NA,NA,NA,NA,NA,NA,NA,NA,NA,NA,NA,NA,NA,NA,NA,NA,NA,NA,NA,NA,NA,NA,NA,NA,NA,NA,NA,NA,NA,NA,NA,NA,NA,NA,NA,NA,NA,NA,NA,NA,NA,NA,NA,NA,NA,NA,NA,NA,NA,NA,NA,NA,NA,NA,NA,NA,NA,NA,NA,NA,NA,NA,NA,NA,NA,NA,NA,NA,NA,NA,NA,NA,NA,NA,NA,NA,NA,NA,NA,NA,NA,NA,NA,NA,NA,NA,NA,NA,NA,NA,NA,NA,NA,NA,NA,NA,NA,NA,NA,NA,NA,NA,NA,NA,NA,NA,NA,NA,NA,NA,NA,NA,NA,NA,NA,NA,NA,NA,NA,NA,NA,NA,NA,NA,NA,NA,below,greater,greater,below,greater,below
Mill Pond  North Basin,combined,2/27/2012,comb,East Setauket,40.9465,73.1156,NY,MJM,Y,N,1.5,14654.92,579.23,1.35,2.286,NA,0.7651,NA,NA,Y,0.4185,0.5652,0.5652,0.0747,0,0,1,0,0,0,1,0,0,1,6,3,3,SAV,0,0.02422,0,0,0,0.02272,0,0.21842,0,4,0.02579,0.0023,8,0.03684,0.006347273,4,3.37961,0.38448,8,0.60323,0.141200138,8,0.05011,0.021954191,NA,131.0642,NA,7,8.33,0.52,8,210.56875,14.02495763,7,8.017857143,1.054422578,7,25.72142857,1.261747519,NA,NA,NA,NA,NA,NA,,0,0,0,0,0,0,0,0,0,0,0,0,0,0,0,0,0,0,0,0,0,0,0,1,0,1,0,0,0,0,0,0,0,0,0,0,0,0,0,0,0,0,0,0,0,0,0,0,0,0,0,0,0,0,0,0,0,0,0,0,0,0,0,0,0,0,0,0,0,0,0,0,0,0,1,0,0,0,0,0,0,0,0,0,0,0,0,0,0,0,0,0,0,0,0,0,0,0,0,0,0,0,0,0,0,0,0,0,0,0,0,0,0,0,0,0,0,0,0,0,0,0,0,1,0,0,below,lesser,greater,below,lesser,below
Wah Wah Taysee Pond,9/21/2009,9/21/2009,2009,North Haven,41.4169,72.8846,CT,CAES,N,N,0.57,5338.45,297.87,1.15,2,NA,1,NA,NA,Y,0.0153,0.0153,0.0153,0.0153,0,0,1,0,0,0,0,0,0,0,5,1,4,SAV,0,0.01532,0,0,0,0,0,0,0,2,0.028,0.009,NA,NA,NA,NA,NA,NA,NA,NA,NA,NA,NA,NA,NA,,NA,2,7.15,0.05,2,132,20,1,9.6,NA,1,20.4,NA,2,93.05,8.25,1,2,NA,,0,0,0,0,0,0,0,0,0,0,0,0,0,0,0,0,0,0,1,0,0,0,0,1,0,0,0,0,0,0,0,0,0,0,0,0,0,0,0,0,0,0,0,0,0,0,0,0,0,0,0,0,0,0,0,0,0,0,0,0,0,0,0,0,0,0,0,0,0,0,0,0,0,1,0,0,0,0,0,0,0,0,0,0,0,0,0,0,0,0,0,0,1,0,0,0,0,0,0,0,0,0,0,0,0,0,0,0,0,0,0,0,0,0,0,0,0,0,0,0,0,0,0,0,0,0,below,lesser,lesser,below,lesser,below
Highwoods Drive Pond,9/13/2013,9/13/2013,2013,Guilford,41.315949,72.700614,CT,MJM,N,N,0.0858,858,107.1,1.031,1,NA,0.7438,NA,NA,Y,1,1,1,1,0,0,1,0,0,0,1,0,0,1,3,3,0,FP,NA,NA,NA,NA,NA,NA,NA,NA,NA,2,0.02815,0.006120607,NA,NA,NA,2,0.23077,0.035023189,NA,NA,NA,NA,NA,NA,NA,8.1964,NA,NA,NA,NA,1,64,NA,NA,NA,NA,NA,NA,NA,NA,NA,NA,NA,NA,NA,Qualitative estimate of FP cover; no data on FP species % composition,0,0,0,0,0,0,0,0,0,0,0,0,0,0,0,0,0,0,0,0,0,0,0,0,0,0,0,0,0,0,0,0,0,0,0,0,0,0,0,0,0,0,0,0,0,0,0,0,0,0,0,0,0,0,0,0,0,0,0,0,0,0,0,0,0,0,0,0,0,0,0,0,0,0,0,0,0,0,0,0,0,0,0,0,0,0,0,0,0,0,0,0,0,0,0,0,0,0,0,0,0,0,0,0,0,0,0,0,0,0,0,0,0,0,0,0,0,0,0,0,0,0,0,0,0,0,below,greater,greater,below,greater,below
Twin Lakes Golf Course Pond,9/13/2013,9/13/2013,2013,North  Branford ,41.316418,72.781731,CT,MJM,N,N,0.1743,1743,216.9,1.466,1,NA,0.798,NA,NA,Y,1,1,1,1,0,0,0,0,0,0,0,0,0,1,1,1,0,FP,0,0,0,0,0,0,0,1,0,1,0.02877,NA,NA,NA,NA,1,0.4956,NA,NA,NA,NA,NA,NA,NA,NA,17.2282,NA,NA,NA,NA,1,252,NA,NA,NA,NA,NA,NA,NA,NA,NA,NA,NA,NA,NA,Qualitative estimate of FP cover; no data on FP species % composition,NA,NA,NA,NA,NA,NA,NA,NA,NA,NA,NA,NA,NA,NA,NA,NA,NA,NA,NA,NA,NA,NA,NA,NA,NA,NA,NA,NA,NA,NA,NA,NA,NA,NA,NA,NA,NA,NA,NA,NA,NA,NA,NA,NA,NA,NA,NA,NA,NA,NA,NA,NA,NA,NA,NA,NA,NA,NA,NA,NA,NA,NA,NA,NA,NA,NA,NA,NA,NA,NA,NA,NA,NA,NA,NA,NA,NA,NA,NA,NA,NA,NA,NA,NA,NA,NA,NA,NA,NA,NA,NA,NA,NA,NA,NA,NA,NA,NA,NA,NA,NA,NA,NA,NA,NA,NA,NA,NA,NA,NA,NA,NA,NA,NA,NA,NA,NA,NA,NA,NA,NA,NA,NA,NA,NA,NA,below,greater,greater,below,greater,below
Bishops Pond (Research Parkway),9/13/2013,9/13/2013,2013,Meriden,41.507549,72.766059,CT,MJM,N,N,4.7394,47394,1104.5,1.431,1.5,NA,0.6299,0,1,Y,0.3,0.3,0.3,0.3,0,0,1,0,0,0,0,0,0,1,11,2,9,SAV,NA,NA,NA,NA,NA,NA,NA,NA,NA,1,0.03004,NA,NA,NA,NA,1,0.34927,NA,NA,NA,NA,NA,NA,NA,NA,11.6261,NA,NA,NA,NA,1,496,NA,NA,NA,NA,NA,NA,NA,NA,NA,NA,NA,NA,NA,Qualitative estimate of FP cover; no data on FP species % composition; used regression of nonFPrich ~ sa to estimate SAV richness,NA,NA,NA,NA,NA,NA,NA,NA,NA,NA,NA,NA,NA,NA,NA,NA,NA,NA,NA,NA,NA,NA,NA,NA,NA,NA,NA,NA,NA,NA,NA,NA,NA,NA,NA,NA,NA,NA,NA,NA,NA,NA,NA,NA,NA,NA,NA,NA,NA,NA,NA,NA,NA,NA,NA,NA,NA,NA,NA,NA,NA,NA,NA,NA,NA,NA,NA,NA,NA,NA,NA,NA,NA,NA,NA,NA,NA,NA,NA,NA,NA,NA,NA,NA,NA,NA,NA,NA,NA,NA,NA,NA,NA,NA,NA,NA,NA,NA,NA,NA,NA,NA,NA,NA,NA,NA,NA,NA,NA,NA,NA,NA,NA,NA,NA,NA,NA,NA,NA,NA,NA,NA,NA,NA,NA,NA,below,lesser,lesser,below,lesser,below
Gibbs Pond,combined,2/27/2012,comb,Smithtown,40.8448,73.1392,NY,MJM,Y,N,1.61,16102.388,478.9,1.065,2.5,NA,0.8282,NA,NA,Y,0.0037,0.01,0.01,1.00E-04,0,0,1,0,0,0,0,0,0,0,2,1,1,lily,0,0.01,0,0,0,0,0,0,0,4,0.03698,0.00073,5,0.029815439,0.008761516,4,3.38275,0.7926,5,0.298767262,0.131790454,5,0.270334341,0.132392237,NA,91.4707,NA,5,7.151,0.206670934,5,285.3,27.287291,4,5.245833333,1.287405606,4,27.26666667,1.85094758,NA,NA,NA,3,0.533333333,0.08819171,,0,0,0,0,0,0,0,0,0,0,0,0,0,0,0,0,0,0,0,0,0,0,0,0,0,1,0,0,0,0,0,0,0,0,0,0,0,0,0,0,0,0,0,0,0,0,0,0,0,0,0,0,0,0,0,0,0,0,0,0,0,1,0,0,0,0,0,0,0,0,0,0,0,0,0,0,0,0,0,0,0,0,0,0,0,0,0,0,0,0,0,0,0,0,0,0,0,0,0,0,0,0,0,0,0,0,0,0,0,0,0,0,0,0,0,0,0,0,0,0,0,0,0,0,0,0,below,lesser,lesser,below,lesser,above
Town Mill Pond ,combined,7/13/2012,comb,Guilford,41.2912,72.6899,CT,CAES/MJM,Y,Y,1.17,11332.391,553.98,1.468,2,NA,0.7861,NA,NA,Y,0.0268,0.0472,0.0472,0.0064,0,0,1,0,0,0,1,0,0,1,13,3,10,SAV,0,0.01177,0,0,0,0.015,0,2.00E-05,0,3,0.0374,0.0051,NA,NA,NA,3,1.14267,0.273,NA,NA,NA,NA,NA,NA,NA,35.3871,NA,3,6.5267,0.5413,3,188.2056,36.4265,2,8.1,1.1,2,16.175,7.725,2,45.9,18.5,1,2,NA,,0,0,0,0,0,0,0,0,0,1,0,0,0,0,0,0,0,0,0,0,0,0,0,1,0,0,0,0,0,0,0,0,0,0,0,0,0,0,0,0,0,0,0,0,0,0,0,0,0,0,0,0,0,0,0,0,0,0,0,0,0,1,1,0,0,0,0,0,1,0,0,0,0,1,0,1,0,0,0,0,0,0,0,0,0,0,0,0,0,0,0,0,0,0,0,1,0,0,0,0,0,0,0,0,1,0,0,0,0,1,0,0,0,0,0,0,0,0,0,0,0,0,0,0,0,0,above,lesser,lesser,above,lesser,above
Angus Park Pond,8/4/2005,8/4/2005,2005,Glastonbury,41.693,72.5318,CT,CAES,N,N,3.8,37603.035,1081.61,1.573,1.2,NA,0.8306,1,0,Y,0.1857,0.2616,0.2616,0.1099,0,0,1,0,0,0,1,0,0,0,12,2,10,SAV,0,0.10987,0,0,0,0,0,0,0,2,0.039,0.019,NA,NA,NA,NA,NA,NA,NA,NA,NA,NA,NA,NA,NA,,NA,2,6.2,0,2,126.5,2.5,1,6.6,NA,1,23.9,NA,2,30.75,0,1,1.2,NA,,0,0,0,0,0,0,1,0,0,0,1,0,0,0,0,0,0,0,0,0,0,0,0,1,0,0,0,1,0,0,0,0,0,0,0,0,0,0,0,0,0,0,1,0,0,0,0,0,0,0,0,0,0,0,0,0,0,0,0,0,0,1,1,0,0,0,0,0,0,0,0,0,0,0,0,0,0,0,0,0,1,0,0,0,0,0,0,0,0,0,0,0,0,0,0,0,0,0,0,0,1,0,0,0,0,1,0,0,0,0,0,0,0,0,0,0,0,0,0,0,0,0,0,0,0,0,above,lesser,lesser,above,lesser,above
Dayton Pond ,combined,7/13/2012,comb,Wallingford ,41.4076,72.8031,CT,CAES/MJM,Y,N,2.67,27158.852,1546.388,2.669,2,NA,1,NA,NA,Y,0.0153,0.0269,0.0269,0.0037,0,0,1,0,0,0,1,0,0,0,8,2,6,SAV,0,0.01383,0,0,0,0.00145,0,0,0,3,0.0396,0.0148,NA,NA,NA,3,1.24104,0.25126,NA,NA,NA,NA,NA,NA,NA,35.1625,NA,3,7.2533,0.3115,3,223.6667,13.7154,2,11.28333333,4.583333333,2,20.36666667,1.066666667,2,87.38,6,1,1.4,NA,,0,0,0,0,0,0,0,0,0,1,0,0,0,0,0,0,0,0,0,0,0,0,0,1,0,0,0,0,0,0,0,0,0,0,0,0,0,0,0,0,0,0,0,0,0,0,0,0,0,0,0,0,0,0,1,0,0,0,0,0,0,0,0,0,0,0,0,0,0,0,0,0,0,0,0,0,0,0,0,0,0,1,0,0,0,0,0,1,0,0,1,0,0,0,0,0,0,0,0,0,0,0,0,0,0,0,0,0,0,0,0,0,0,0,0,0,0,0,0,0,0,0,0,0,0,0,above,lesser,lesser,above,lesser,above
Shelton Reservoir #2,7/15/2005,7/15/2005,2005,Shelton,41.3193,73.1107,CT,CAES,N,N,2.95,29827.425,940.52,1.536,3,NA,0.8287,NA,NA,Y,1.00E-04,1.00E-04,1.00E-04,1.00E-04,0,0,1,0,0,0,0,0,0,0,12,1,11,SAV,0,0.00011,0,0,0,0,0,0,0,2,0.0415,0.0175,NA,NA,NA,NA,NA,NA,NA,NA,NA,NA,NA,NA,NA,,NA,2,6.4,0.1,2,153,1,1,8.3,NA,1,25.7,NA,2,18,1.5,1,2.2,NA,,0,0,0,0,0,0,0,0,0,0,0,0,0,0,0,0,0,0,0,0,0,0,0,1,0,0,0,0,0,0,0,0,0,0,0,0,0,0,0,0,0,0,0,0,0,0,0,0,0,0,0,0,0,0,0,1,1,0,0,0,0,1,0,0,0,0,0,0,0,0,0,0,0,0,0,1,0,1,0,0,0,0,0,0,0,0,0,0,0,0,0,0,1,0,0,0,0,0,0,0,0,1,0,0,0,0,0,0,0,0,0,0,0,0,1,0,0,0,0,1,1,0,0,0,0,0,above,lesser,lesser,above,lesser,above
Crystal Lake (2),7/22/2005,7/22/2005,2005,Old Saybrook,41.3011,72.414,CT,CAES,N,N,2.23,22134.207,1038.66,1.969,1.2,NA,1,NA,NA,Y,0.093,0.093,0.093,0.093,0,0,1,0,0,0,0,0,0,0,25,1,24,SAV,0,0.09304,0,0,0,0,0,0,0,2,0.0425,0.0075,NA,NA,NA,NA,NA,NA,NA,NA,NA,NA,NA,NA,NA,,NA,2,6.1,0.1,2,101.15,4.85,1,5.4,NA,1,24.8,NA,2,30.8,1.5,1,0.6,NA,,0,0,1,0,0,0,0,0,0,0,1,0,0,0,0,0,1,0,0,1,0,0,0,1,1,0,0,1,0,0,0,0,0,1,0,0,0,0,1,0,0,0,0,0,0,0,0,0,0,1,0,0,0,0,0,1,0,0,0,0,0,1,1,0,0,0,0,0,0,0,0,0,0,1,0,0,0,1,0,0,1,0,0,0,0,0,0,0,0,0,0,0,1,0,0,1,0,0,0,0,0,1,0,0,0,1,0,0,0,0,0,0,0,0,1,0,0,0,0,1,1,0,0,0,0,0,above,lesser,lesser,above,lesser,above
One Acre Pond,6/16/2011,6/16/2011,2011,Madison,41.2948,72.6244,CT,CAES,N,N,0.4,4046.856,NA,1.118,3,NA,0.7805,NA,NA,Y,0.6611,0.6611,0.6611,0.6611,0,0,0,0,0,0,0,1,0,0,9,1,8,FP?,0,0,0,0,0,0,0.39666,0,0,2,0.0425,0.0155,NA,NA,NA,NA,NA,NA,NA,NA,NA,NA,NA,NA,NA,,NA,2,6.75,0.45,2,294,9,1,10.4,NA,1,23.4,NA,2,45.05,2.25,1,1.8,NA,,0,0,0,0,0,0,0,0,0,0,0,1,0,0,0,0,0,0,0,0,0,0,0,0,0,0,0,0,0,0,0,0,0,0,0,0,1,0,0,0,0,0,1,0,0,0,0,0,0,0,0,0,0,0,0,0,0,0,0,0,0,0,1,0,0,0,0,0,0,0,0,0,0,1,0,0,0,0,0,0,0,1,0,0,0,0,0,0,0,0,0,0,0,0,0,0,0,0,0,0,0,0,0,0,0,0,0,0,0,1,0,1,0,0,0,0,0,0,0,0,0,0,0,0,0,0,above,lesser,greater,above,lesser,above
Echo Lake,9/7/2005,9/7/2005,2005,Watertown,41.6014,73.0978,CT,CAES,N,N,4.33,43197.645,1035.57,1.406,2,NA,0.8892,NA,NA,Y,0.008,0.008,0.008,0.008,0,0,1,0,0,0,0,0,0,0,6,1,5,SAV,0,0.00804,0,0,0,0,0,0,0,2,0.048,0.005,NA,NA,NA,NA,NA,NA,NA,NA,NA,NA,NA,NA,NA,,NA,2,6.45,0.05,2,193.5,1.5,1,6.3,NA,1,24.1,NA,2,26.25,0.75,1,1.2,NA,,0,0,0,0,1,0,0,0,0,0,0,0,0,0,0,0,0,0,0,0,0,0,0,1,0,0,0,0,0,0,0,0,0,0,0,0,0,0,0,0,0,0,0,0,0,0,0,0,0,0,0,0,0,0,0,0,0,0,1,0,0,0,0,0,0,0,0,0,0,0,0,0,0,0,0,0,0,1,0,0,1,0,0,0,0,0,0,0,0,0,0,0,0,0,0,0,0,0,0,0,0,0,0,0,0,0,0,0,0,0,0,0,0,0,0,0,0,0,0,0,0,0,0,0,0,0,above,lesser,lesser,above,lesser,above
"Dividend Pond, Lower",6/20/2012,6/20/2012,2012,Rocky Hill,41.6462,72.6326,CT,CAES,N,N,0.53,4943.3,393.87,1.58,1,NA,1,NA,NA,Y,0.0635,0.0635,0.0635,0.0635,0,0,1,0,0,0,0,0,0,0,3,1,2,neither,0,0.0635,0,0,0,0,0,0,0,2,0.0521,0.0231,NA,NA,NA,NA,NA,NA,NA,NA,NA,NA,NA,NA,NA,,NA,2,7.55,0.05,2,355.5,5.5,1,7,NA,1,19.3,NA,2,69.75,0.75,1,1,NA,,0,0,0,0,0,0,0,0,0,1,0,0,0,0,0,0,0,0,0,0,0,0,0,1,0,0,0,0,0,0,0,0,0,0,0,0,0,0,0,0,0,0,0,0,0,0,0,0,0,0,0,0,0,0,0,0,0,0,0,0,0,0,0,0,0,0,0,0,0,0,0,0,0,0,0,0,0,0,0,0,0,0,0,0,0,0,0,0,0,0,0,0,0,0,0,0,0,0,0,0,0,0,0,0,0,0,0,0,0,0,0,0,0,0,0,0,0,0,0,0,0,0,0,0,0,0,above,lesser,lesser,above,lesser,above
Lakeview Lake (Willow Lake),8/18/2006,8/18/2006,2006,West Hartford,41.8031,72.772,CT,CAES,N,N,1.09,13252.673,548.24,1.343,1,NA,0.5079,NA,NA,Y,0.1605,0.1605,0.1605,0.1605,0,0,1,0,0,0,0,1,0,0,7,2,5,SAV,0,0.00202,0,0,0,0,0.15848,0,0,1,0.053,NA,NA,NA,NA,NA,NA,NA,NA,NA,NA,NA,NA,NA,NA,,NA,1,6.8,NA,1,178,NA,1,4.6,NA,1,20.4,NA,1,63.9,NA,1,1.3,NA,,0,0,0,0,0,0,0,0,0,0,0,0,0,0,0,0,0,0,0,0,0,0,0,0,0,1,0,0,0,0,0,0,0,0,0,0,0,0,0,0,0,0,1,0,0,0,0,0,0,0,0,0,0,0,0,1,0,0,0,0,0,0,0,0,0,0,0,0,0,0,0,0,0,0,0,0,0,1,0,0,0,0,0,0,0,0,0,0,0,0,0,0,0,0,0,0,0,0,0,0,0,1,0,0,0,0,0,0,0,0,0,0,0,0,0,0,0,0,0,0,0,0,0,0,0,0,above,lesser,lesser,above,lesser,above
Larkin Pond,7/3/2011,7/3/2011,2011,Middlebury,41.501,73.1117,CT,CAES,N,N,3.44,34058.9,882.43,1.349,3,NA,0.6508,NA,NA,Y,0.0094,0.0094,0.0094,0.0094,0,0,1,0,0,0,0,0,0,0,11,1,10,SAV,0,0.00936,0,0,0,0,0,0,0,2,0.056,0.015,NA,NA,NA,NA,NA,NA,NA,NA,NA,NA,NA,NA,NA,,NA,2,7.65,1.55,2,130,40,1,12,NA,1,27.6,NA,2,13.9,1.1,1,0.8,NA,,0,0,1,0,0,0,0,0,0,0,1,0,0,0,1,0,0,0,0,0,0,0,0,0,0,0,0,0,0,0,0,0,0,0,0,0,0,0,0,0,0,0,0,0,0,0,0,0,0,0,0,0,0,0,0,0,0,0,0,0,0,1,1,0,0,0,0,0,0,0,0,0,0,1,0,0,0,0,0,0,1,0,0,0,0,0,0,0,0,0,0,0,1,0,0,0,0,0,0,0,0,1,0,0,0,0,0,0,0,1,0,0,0,0,0,0,0,0,0,0,0,0,0,0,0,0,above,lesser,lesser,above,lesser,above
Hartens Pond (Pond  View Condos),9/13/2013,9/13/2013,2013,North Haven,41.35059,72.851697,CT,MJM,N,N,0.5766,5766,374.7,1.392,1,NA,0.9292,NA,NA,Y,1,1,1,1,0,0,1,0,0,0,0,0,0,1,2,2,0,FP,NA,NA,NA,NA,NA,NA,NA,NA,NA,1,0.06396,NA,NA,NA,NA,1,0.43915,NA,NA,NA,NA,NA,NA,NA,NA,6.866,NA,NA,NA,NA,1,329,NA,NA,NA,NA,NA,NA,NA,NA,NA,NA,NA,NA,NA,Qualitative estimate of FP cover; no data on FP species % composition,0,0,0,0,0,0,0,0,0,0,0,0,0,0,0,0,0,0,0,0,0,0,0,0,0,0,0,0,0,0,0,0,0,0,0,0,0,0,0,0,0,0,0,0,0,0,0,0,0,0,0,0,0,0,0,0,0,0,0,0,0,0,0,0,0,0,0,0,0,0,0,0,0,0,0,0,0,0,0,0,0,0,0,0,0,0,0,0,0,0,0,0,0,0,0,0,0,0,0,0,0,0,0,0,0,0,0,0,0,0,0,0,0,0,0,0,0,0,0,0,0,0,0,0,0,0,above,greater,greater,above,greater,above
Talmage Pond,7/7/2006,7/7/2006,2006,Branford,41.2613,72.8375,CT,CAES,N,N,1.21,12073.245,440.67,1.131,1,NA,0.9139,NA,NA,Y,0.005,0.005,0.005,0.005,0,0,1,0,0,0,0,0,0,0,7,1,6,SAV,0,0.005,0,0,0,0,0,0,0,2,0.065,0.002,NA,NA,NA,NA,NA,NA,NA,NA,NA,NA,NA,NA,NA,,NA,2,5.75,0.05,2,52,0,1,2.5,NA,1,23.4,NA,2,10.15,0.35,NA,NA,NA,,0,0,1,0,0,0,0,0,0,1,0,0,0,0,0,0,0,0,0,0,0,0,0,0,0,0,0,0,0,0,0,0,0,0,0,0,0,0,0,0,0,0,0,0,0,0,0,0,0,0,0,0,0,0,0,0,0,0,0,0,0,1,1,0,0,0,0,0,0,0,0,0,0,0,0,0,0,0,0,0,0,0,0,0,0,0,0,0,0,0,0,0,1,0,0,0,0,0,0,0,0,0,0,0,0,0,0,0,0,0,0,0,0,0,1,0,0,0,0,0,0,0,0,0,0,0,above,lesser,lesser,above,lesser,above
"Mills Pond, Upper",combined,7/13/2012,comb,Canton,41.8266,72.9141,CT,CAES/MJM,Y,N,1.78,17784.083,747.696,1.581,1.5,NA,0.9572,NA,NA,Y,0.1217,0.24,0.24,0.0035,0,0,1,0,0,0,1,0,0,0,10,2,8,SAV,0,0.02001,0,0,0,0.10001,0,0,0,3,0.0671,0.0379,NA,NA,NA,3,1.03453,0.23507,NA,NA,NA,NA,NA,NA,NA,35.3213,NA,3,6.6933,0.3619,3,224.4222,69.3793,2,4.65,4.35,2,20.9,7.511324783,2,33,51,1,1,NA,,0,0,1,0,0,0,0,0,0,1,0,0,0,0,0,0,0,0,0,0,0,0,0,1,0,0,0,0,0,0,0,0,0,0,0,0,0,0,0,0,0,0,1,0,0,0,0,0,0,0,0,0,0,0,0,0,0,0,0,0,0,0,1,0,0,0,0,0,0,0,0,0,0,0,0,0,0,0,0,0,0,0,0,0,0,0,0,0,0,0,0,0,1,0,0,0,0,0,1,0,0,0,0,0,0,0,0,0,0,0,0,0,0,0,1,0,0,0,0,0,0,0,0,0,0,0,above,lesser,lesser,above,lesser,above
Williams Brook (Highland Lake) ,9/2/2005,9/2/2005,2005,Ledyard,41.4382,71.9696,CT,CAES,N,N,3.2,32053.527,863.08,1.36,2,NA,0.6775,NA,NA,Y,9.00E-04,9.00E-04,9.00E-04,9.00E-04,0,0,1,0,0,0,0,0,0,0,10,1,9,SAV,0,0.00089,0,0,0,0,0,0,0,2,0.074,0.003,NA,NA,NA,NA,NA,NA,NA,NA,NA,NA,NA,NA,NA,,NA,2,6,0.1,2,97.5,0.5,1,5.6,NA,1,25.9,NA,2,13.5,1.5,1,1.5,NA,,0,0,1,0,0,0,0,0,0,0,0,0,0,0,0,0,0,0,0,1,0,0,0,0,0,0,0,0,0,0,0,0,0,0,0,0,0,0,0,0,0,0,0,0,0,0,0,0,0,0,0,0,0,0,0,1,0,0,0,0,0,1,1,0,0,0,0,0,0,0,0,0,0,1,0,0,0,1,0,0,1,0,0,0,0,0,0,0,0,0,0,1,0,0,0,0,0,0,0,0,0,0,0,0,0,0,0,0,0,0,0,0,0,0,0,0,0,0,0,0,0,0,0,0,0,0,above,lesser,lesser,above,lesser,above
Hummers Pond,7/28/2005,7/28/2005,2005,Madison,41.2835,72.5827,CT,CAES,N,N,3.08,30863.362,1241.61,1.994,2,NA,0.733,NA,NA,Y,0.44,0.44,0.44,0.44,0,0,0,0,0,0,0,0,0,1,9,1,8,SAV,0,0,0,0,0,0,0,0.44,0,2,0.0755,0.0135,NA,NA,NA,NA,NA,NA,NA,NA,NA,NA,NA,NA,NA,,NA,2,6.05,0.05,2,196.5,0.5,1,2,NA,1,26.2,NA,2,31.5,0,1,1.5,NA,,0,0,1,0,0,0,0,0,0,1,0,0,0,0,0,0,0,0,0,0,0,0,0,0,0,0,0,0,0,0,0,0,0,0,0,0,0,0,0,0,0,0,0,0,0,0,0,0,0,0,0,0,0,0,0,0,0,0,0,0,0,1,1,0,0,0,0,0,0,0,0,0,0,0,0,0,0,1,0,0,0,1,0,0,0,0,0,0,0,0,0,0,0,0,0,0,0,0,0,0,0,0,0,0,0,0,0,0,0,0,0,0,0,0,1,0,0,0,0,1,0,0,0,0,0,0,above,lesser,lesser,above,lesser,above
West Pond Road Pond,9/13/2013,9/13/2013,2013,North  Branford ,41.333973,72.7438,CT,MJM,N,N,0.0281,281,69.7,1.173,1,NA,1,NA,NA,Y,1,1,1,1,0,0,1,0,0,0,0,0,0,0,1,1,0,FP,NA,NA,NA,NA,NA,NA,NA,NA,NA,1,0.07824,NA,NA,NA,NA,1,0.83661,NA,NA,NA,NA,NA,NA,NA,NA,10.6927,NA,NA,NA,NA,1,156,NA,NA,NA,NA,NA,NA,NA,NA,NA,NA,NA,NA,NA,Qualitative estimate of FP cover; no data on FP species % composition,NA,NA,NA,NA,NA,NA,NA,NA,NA,NA,NA,NA,NA,NA,NA,NA,NA,NA,NA,NA,NA,NA,NA,NA,NA,NA,NA,NA,NA,NA,NA,NA,NA,NA,NA,NA,NA,NA,NA,NA,NA,NA,NA,NA,NA,NA,NA,NA,NA,NA,NA,NA,NA,NA,NA,NA,NA,NA,NA,NA,NA,NA,NA,NA,NA,NA,NA,NA,NA,NA,NA,NA,NA,NA,NA,NA,NA,NA,NA,NA,NA,NA,NA,NA,NA,NA,NA,NA,NA,NA,NA,NA,NA,NA,NA,NA,NA,NA,NA,NA,NA,NA,NA,NA,NA,NA,NA,NA,NA,NA,NA,NA,NA,NA,NA,NA,NA,NA,NA,NA,NA,NA,NA,NA,NA,NA,above,greater,greater,above,greater,above
Mills Pond,combined,2/27/2012,comb,St. James,40.8972,73.1483,NY,MJM,Y,N,0.36,3547.89,234.59,1.102,1,NA,1,NA,NA,Y,0.9281,1,1,0.6719,0,0,1,0,0,0,0,0,0,0,1,1,0,FP,0,0.74635,0,0,0,0,0,0,0,4,0.08862,0.00571,6,0.374497172,0.176850392,4,2.53953,0.42762,6,0.063417551,0.049160718,6,0.120832805,0.084708668,NA,28.6559,NA,6,6.924305556,0.12441333,8,1120.34375,358.064992,6,6.133333333,1.594321521,6,23.39305556,2.187091143,NA,NA,NA,3,0.47,0.03,,0,0,0,0,0,0,0,0,0,0,0,0,0,0,0,0,0,0,0,0,0,0,0,0,0,1,0,0,0,0,0,0,0,0,0,0,0,0,0,0,0,0,0,0,0,0,0,0,0,0,0,0,0,0,0,0,0,0,0,0,0,0,0,0,0,0,0,0,0,0,0,0,0,0,0,0,0,0,0,0,0,0,0,0,0,0,0,0,0,0,0,0,0,0,0,0,0,0,0,0,0,0,0,0,0,0,0,0,0,0,0,0,0,0,0,0,0,0,0,0,0,0,0,0,0,0,above,greater,greater,above,greater,above
Hamlin Pond,8/24/2005,8/24/2005,2005,Plainville,41.6706,72.8475,CT,CAES,N,N,4.86,48500.671,947.13,1.213,4,NA,0,NA,NA,Y,0.0058,0.0058,0.0058,0.0058,0,0,1,0,0,0,0,0,0,1,8,2,6,SAV,0,0.00316,0,0,0,0,0,0.00263,0,2,0.0895,0.0485,NA,NA,NA,NA,NA,NA,NA,NA,NA,NA,NA,NA,NA,,NA,2,6.7,0.3,2,262.5,17.5,1,10.4,NA,1,24.3,NA,2,72.38,1.125,1,1.2,NA,,0,0,0,0,0,0,0,0,0,1,0,0,0,0,0,0,0,0,0,0,0,0,0,1,0,0,0,0,0,0,0,0,0,0,0,0,0,0,0,0,0,0,0,0,0,0,0,0,0,0,0,0,0,0,1,0,0,0,0,0,0,1,0,0,0,0,0,0,0,0,0,0,0,0,0,1,0,0,0,0,0,0,0,0,0,0,0,0,0,0,0,0,1,0,0,0,0,0,0,0,0,0,0,0,0,0,0,0,0,0,0,0,0,0,0,0,0,0,0,0,0,0,0,0,0,0,above,lesser,lesser,above,lesser,above
Oakwood Pond,7/14/2006,7/14/2006,2006,Guilford,41.3306,72.7318,CT,CAES,N,N,0.2,1901.245,246.08,1.592,1.8,NA,0.7953,NA,NA,Y,0.008,0.008,0.008,0.008,0,0,1,0,0,0,0,0,0,0,13,1,12,SAV,0,0.00795,0,0,0,0,0,0,0,2,0.091,0.007,NA,NA,NA,NA,NA,NA,NA,NA,NA,NA,NA,NA,NA,,NA,2,6.6,0.1,2,148.5,3.5,NA,NA,NA,NA,NA,NA,2,22.9,0.4,1,1,NA,,0,0,0,0,0,0,1,0,0,0,1,0,0,0,0,0,1,0,0,1,1,0,0,0,0,0,0,0,0,0,0,0,0,0,0,0,0,0,0,0,0,0,1,0,0,0,0,0,0,0,0,0,0,0,0,1,0,0,0,0,0,0,1,0,0,0,0,0,0,0,1,0,0,0,0,0,0,1,0,0,0,0,0,0,0,0,0,0,0,0,0,0,0,0,0,0,0,0,0,0,0,0,0,0,0,0,0,0,0,1,0,0,0,0,1,0,0,0,0,0,0,0,0,0,0,0,above,lesser,lesser,above,lesser,above
Mill Pond Park,combined,7/13/2012,comb,Newington,41.6947,72.73,CT,CAES/MJM,Y,N,1.46,14568.683,597.938,1.397,2.8,NA,0.2895,NA,NA,Y,0.2675,0.4938,0.4938,0.0411,0,0,1,0,0,0,1,0,0,0,8,2,6,SAV,0,0.12823,0,0,0,0.00208,0,0,0,3,0.0948,0.0257,NA,NA,NA,3,1.68768,0.28318,NA,NA,NA,NA,NA,NA,NA,24.394,NA,3,7.4,0.6473,3,444.1111,134.9231,2,8.55,0.65,2,24.71666667,3.816666667,2,180.4,12.5,1,1.2,NA,,0,0,0,0,0,0,0,0,0,1,0,0,0,0,0,0,0,0,0,0,0,0,0,1,0,1,0,0,0,0,0,0,0,0,0,0,0,0,0,0,0,0,0,0,0,0,0,0,0,0,0,0,0,0,0,0,0,0,0,0,0,0,0,0,0,0,0,0,0,0,0,0,0,0,1,0,0,0,0,1,0,0,0,0,0,0,0,0,0,0,0,0,0,0,0,0,0,0,0,0,0,0,0,0,0,1,0,0,0,0,0,0,0,0,0,0,0,0,0,0,0,0,0,1,0,0,above,lesser,lesser,above,lesser,above
Dunlop Pond (Unnamed Lake with Dam #3036),9/1/2005,9/1/2005,2005,Darien,41.0792,73.4607,CT,CAES,N,N,2.99,30079.171,882.2,1.435,4,NA,1,NA,NA,Y,0.1859,0.2478,0.2478,0.1239,0,0,1,0,0,0,0,0,0,1,6,2,4,SAV,0,0.06185,0,0,0,0,0,0.06205,0,2,0.0975,0.0095,NA,NA,NA,NA,NA,NA,NA,NA,NA,NA,NA,NA,NA,,NA,2,6.6,0.2,2,487.5,112.5,1,5.5,NA,1,27.5,NA,2,73.5,16.5,1,1.4,NA,,0,0,0,0,0,0,0,0,0,0,0,0,0,0,0,0,0,0,0,0,0,0,0,1,0,0,0,0,0,0,0,0,0,0,0,0,0,0,0,0,0,0,0,0,0,0,0,0,0,0,0,0,0,0,0,0,0,0,0,0,0,0,1,0,0,0,0,0,0,0,0,0,0,0,0,0,0,0,0,0,0,0,0,0,0,0,0,0,0,0,0,0,0,0,0,0,0,0,0,0,0,0,0,0,0,0,0,1,0,0,0,0,0,0,0,0,0,0,0,0,0,0,0,1,0,0,above,lesser,lesser,above,lesser,above
Salmon Brook,8/4/2005,8/4/2005,2005,Glastonbury,41.718,72.6096,CT,CAES,N,N,0.45,4285.418,323.347,1.367,2,NA,0.4815,NA,NA,Y,0.0316,0.0316,0.0316,0.0316,0,0,1,0,0,0,0,0,0,0,4,1,3,SAV,0,0.02658,0,0,0,0.005,0,0,0,2,0.0995,0.0175,NA,NA,NA,NA,NA,NA,NA,NA,NA,NA,NA,NA,NA,,NA,2,7.7,0.8,2,116,6,1,12.5,NA,1,29.7,NA,2,22.13,1.125,1,0.7,NA,,0,0,0,0,0,0,0,0,0,1,0,0,0,0,0,0,0,0,0,0,0,0,0,1,0,1,0,0,0,0,0,0,0,0,0,0,0,0,0,0,0,0,0,0,0,0,0,0,0,0,0,0,0,0,0,0,0,0,0,0,0,0,0,0,0,0,0,0,0,0,0,0,0,0,0,0,0,0,0,0,0,0,0,0,0,0,0,0,0,0,0,0,0,0,0,0,0,0,0,0,0,0,0,0,0,0,0,0,0,0,0,0,0,0,0,0,0,0,0,0,0,0,0,0,0,0,above,lesser,lesser,above,lesser,above
Talmadges Ice Pond,7/7/2005,7/7/2005,2005,Branford,41.2674,72.789,CT,CAES,N,N,0.45,4523.546,303.52,1.273,1,NA,0.9424,NA,NA,Y,0.0797,0.0797,0.0797,0.0797,0,0,1,0,0,0,0,0,0,0,4,1,3,SAV,0,0.0797,0,0,0,0,0,0,0,2,0.107,0.004,NA,NA,NA,NA,NA,NA,NA,NA,NA,NA,NA,NA,NA,,NA,2,7.55,0.45,2,204.5,2.5,1,4.1,NA,1,23.4,NA,2,71.63,4.125,1,1,NA,,0,0,1,0,0,0,0,0,0,0,0,0,0,0,0,0,0,0,0,0,0,0,0,0,0,1,0,0,0,0,0,0,0,0,0,0,0,0,0,0,0,0,0,0,0,0,0,0,0,0,0,0,0,0,0,0,0,0,0,0,0,0,0,0,0,0,0,0,0,0,0,0,0,0,0,0,0,0,0,1,0,0,0,0,0,0,0,0,0,0,0,0,0,0,0,0,0,0,0,0,0,0,0,0,0,0,0,0,0,0,0,0,0,0,0,0,0,0,0,0,0,0,0,0,0,0,above,lesser,lesser,above,lesser,above
Private Pond (3),8/31/2012,8/31/2012,2012,Westport,41.17,73.3564,CT,CAES,N,N,0.4,3720.75,229.98,1.064,2.1,NA,0.8456,NA,NA,Y,0.8302,1,1,0.6605,1,0,1,0,0,0,1,1,0,0,5,4,1,FP,0.44011,0.07345,0,0,0,0.07345,0.07345,0,0,1,0.1186,NA,NA,NA,NA,NA,NA,NA,NA,NA,NA,NA,NA,NA,NA,,NA,1,6.3,NA,1,174,NA,1,0.2,NA,1,21,NA,1,30.75,NA,1,2.1,NA,,0,0,0,0,0,0,0,0,0,0,1,0,0,0,0,0,0,0,0,0,0,0,0,0,0,0,0,0,0,0,0,0,0,0,0,0,0,0,0,0,0,0,0,0,0,0,0,0,0,0,0,0,0,0,0,0,0,0,0,0,0,0,0,0,0,0,0,0,0,0,0,0,0,0,0,0,0,0,0,0,0,0,0,0,0,0,0,0,0,0,0,0,0,0,0,0,0,0,0,0,0,0,0,0,0,0,0,0,0,0,0,0,0,0,0,0,0,0,0,0,0,0,0,0,0,0,above,greater,greater,above,greater,above
Lucky Pond (Galko Farm Pond),combined,7/13/2012,comb,Wallingford,41.4647,72.8564,CT,CAES/MJM,Y,N,0.4,7109.305,400.471,1.776,2.5,NA,0.2977,NA,NA,Y,0.1038,0.2064,0.2064,0.0012,0,0,1,0,0,0,0,0,0,1,8,2,6,SAV,0,0.00113,0,0,0,0,0,0.00052,0,3,0.1223,0.0712,NA,NA,NA,3,1.78946,0.30632,NA,NA,NA,NA,NA,NA,NA,35.0221,NA,3,6.9667,0.7075,3,184.1333,38.4285,2,7.65,0.85,2,25.55,2.75,2,53.63,12.5,1,0.7,NA,,0,0,0,0,0,0,0,0,0,0,0,1,0,0,0,0,0,0,0,0,0,0,0,0,0,0,0,0,0,0,0,0,0,0,0,0,0,0,0,0,0,0,1,0,0,0,0,0,0,0,0,0,0,0,1,0,0,0,0,0,0,0,0,0,0,0,0,0,0,0,0,0,0,0,0,0,0,0,0,1,0,1,0,0,0,0,1,0,0,0,0,0,0,0,0,0,0,0,0,0,0,0,0,0,0,0,0,0,0,0,0,0,0,0,0,0,0,0,0,0,0,0,0,0,0,0,above,lesser,lesser,above,lesser,above
Rolling Ridge Pond,combined,6/12/2009,comb,Norwalk ,41.1346,73.4223,CT,CAES,Y,N,0.4,2604.745,272.66,1.507,2,NA,0.7873,NA,NA,Y,0.0144,0.0288,0.0288,0,0,0,1,0,0,0,1,0,0,0,3,2,1,SAV,0,0.01745,0,0,0,0.01139,0,0,0,2,0.1688,0.0593,NA,NA,NA,NA,NA,NA,NA,NA,NA,NA,NA,NA,NA,,NA,2,6.75,0,2,206,69.5,2,0.05065,0.04915,2,22.4,3.2,2,26.85,8.05,2,0.6,0.1,,0,0,0,0,0,0,0,0,0,0,0,0,0,0,0,0,0,0,0,0,0,0,0,0,0,0,0,0,0,0,0,0,0,0,0,0,0,0,0,0,0,0,0,0,0,0,0,0,0,0,0,0,0,0,0,0,0,0,0,0,0,1,0,0,0,0,0,0,0,0,0,0,0,0,0,0,0,0,0,0,0,0,0,0,0,0,0,0,0,0,0,0,0,0,0,0,0,0,0,0,0,0,0,0,0,0,0,0,0,0,0,0,0,0,0,0,0,0,0,0,0,0,0,0,0,0,above,lesser,lesser,above,lesser,above
"Dividend Pond, Upper",6/20/2012,6/20/2012,2012,Rocky Hill,41.6458,72.6343,CT,CAES,N,N,2.35,22804.07,860.98,1.608,1,NA,0.7695,NA,NA,Y,0.0292,0.0292,0.0292,0.0292,0,0,1,0,0,0,0,0,0,0,7,1,6,SAV,0,0.0292,0,0,0,0,0,0,0,2,0.1733,0.1084,NA,NA,NA,NA,NA,NA,NA,NA,NA,NA,NA,NA,NA,,NA,2,7.4,0,2,331,1,1,9.5,NA,1,17.9,NA,2,69.4,0.4,1,0.9,NA,,0,0,0,0,0,0,0,0,0,0,0,0,0,0,0,0,0,0,0,0,0,0,0,1,0,0,0,0,0,0,0,0,0,0,0,0,0,0,0,1,0,0,0,0,0,0,0,0,0,0,0,0,0,0,0,0,0,0,0,0,0,0,1,0,0,0,0,0,0,0,0,0,0,0,0,0,0,0,0,1,0,0,0,0,0,0,0,0,0,0,0,0,0,0,0,0,0,0,0,0,0,1,0,0,0,0,0,0,0,1,0,0,0,0,0,0,0,0,0,0,0,0,0,0,0,0,above,lesser,lesser,above,lesser,above
Wampum Hill Pond,9/9/2005,9/9/2005,2005,Wilton,41.2299,73.4135,CT,CAES,N,N,0.16,1735.12,159.39,1.079,1.5,NA,1,NA,NA,Y,0.8822,1,1,0.7644,0,0,1,0,0,0,1,0,0,1,9,3,6,FP,0,0.20194,0,0,0,0.28121,0,0.28121,0,2,0.178,0.03,NA,NA,NA,NA,NA,NA,NA,NA,NA,NA,NA,NA,NA,,NA,2,5.85,0.05,2,152.5,35.5,1,1.2,NA,1,18.3,NA,2,37.88,16.875,1,0.7,NA,,0,0,0,0,0,0,0,0,0,1,0,0,0,0,0,0,0,0,0,0,0,0,0,0,0,0,0,0,0,0,0,0,0,0,0,0,0,0,0,0,0,0,1,0,0,0,0,0,0,0,0,0,0,0,0,1,0,0,0,0,0,1,0,0,0,0,0,0,0,0,0,0,0,0,0,0,0,0,0,0,0,0,0,0,0,0,0,0,0,0,0,0,1,0,0,0,0,0,1,0,0,0,0,0,0,0,0,0,0,0,0,0,0,0,0,0,0,0,0,0,0,0,0,0,0,0,above,greater,greater,above,greater,above
Private Pond (5) Upper/East,9/4/2012,9/4/2012,2012,Suffield,42.0027,72.6465,CT,CAES,N,N,0.12,1214.06,123.43,1.058,0.5,NA,0,NA,NA,Y,1,1,1,1,1,0,0,0,0,0,0,1,0,0,4,2,2,FP,0.9,0,0,0,0,0,0.1,0,0,1,0.2035,NA,NA,NA,NA,NA,NA,NA,NA,NA,NA,NA,NA,NA,NA,,NA,1,6.4,NA,1,184,NA,1,0.2,NA,1,20.4,NA,1,37.5,NA,1,0.5,NA,,0,0,0,0,0,0,0,0,0,0,0,0,0,0,0,0,0,0,0,0,0,0,0,0,0,0,0,0,0,0,0,0,0,0,0,0,0,0,0,0,0,0,0,0,0,0,0,0,0,0,0,0,0,0,0,0,0,0,0,0,0,0,1,0,0,0,0,0,0,0,0,0,0,0,0,0,0,0,0,0,0,0,0,0,0,0,0,0,0,0,0,0,0,0,0,0,0,0,0,0,0,0,0,0,0,0,0,0,0,1,0,0,0,0,0,0,0,0,0,0,0,0,0,0,0,0,above,greater,greater,above,greater,above
Stamler Pond,9/13/2013,9/13/2013,2013,Stony Creek,41.260265,72.748786,CT,MJM,N,N,0.0309,309,67.2706,1.08,1,NA,0.3663,NA,NA,Y,0.05,0.05,0.05,0.05,0,0,1,0,0,0,0,0,0,0,1,1,0,SAV,NA,NA,NA,NA,NA,NA,NA,NA,NA,2,0.20642,0.038610826,NA,NA,NA,2,1.72125,0.118289888,NA,NA,NA,NA,NA,NA,NA,8.3387,NA,NA,NA,NA,1,983,NA,NA,NA,NA,NA,NA,NA,NA,NA,NA,NA,NA,NA,Qualitative estimate of FP cover; no data on FP species % composition,0,0,0,0,0,0,0,0,0,0,0,0,0,0,0,0,0,0,0,0,0,0,0,0,0,0,0,0,0,0,0,0,0,0,0,0,0,0,0,0,0,0,0,0,0,0,0,0,0,0,0,0,0,0,0,0,0,0,0,0,0,0,0,0,0,0,0,0,0,0,0,0,0,0,0,0,0,0,0,0,0,0,0,0,0,0,0,0,0,0,0,0,0,0,0,0,0,0,0,0,0,0,0,0,0,0,0,0,0,0,0,0,0,0,0,0,0,0,0,0,0,0,0,0,0,0,above,lesser,lesser,above,lesser,above
116 Old Field Road Pond,combined,3/6/2012,comb,Old Field,40.9624,73.1285,NY,MJM,Y,N,0.4,3968,231.99,1.039,1,NA,0.9551,0,0,Y,1,1,1,1,0,0,1,0,0,0,0,0,0,1,2,2,0,FP,0,0.91353,0,0,0,0,0,0.07435,0,4,0.38664,0.02331,3,2.2687,0.42656,4,0.93713,0.37824,3,0.0607,0.01976,3,0.19761,0.04654,NA,2.4238,NA,4,6.515208333,0.239004101,4,116.4416667,39.21959633,3,10.43333333,6.463773694,3,19.8,5.001370183,NA,NA,NA,NA,NA,NA,,0,0,0,0,0,0,0,0,0,0,0,0,0,0,0,0,0,0,0,0,0,0,0,0,0,1,0,0,0,0,0,0,0,0,0,0,0,0,0,0,0,0,0,0,0,0,0,0,0,0,0,0,0,0,0,0,0,0,0,0,0,0,0,0,0,0,0,0,0,0,0,0,0,0,0,0,0,0,0,0,0,0,0,0,0,0,0,0,0,0,0,0,0,0,0,0,0,0,0,0,0,0,0,0,0,0,0,0,0,0,0,0,0,0,0,0,0,0,0,0,0,0,0,0,0,0,above,greater,greater,above,greater,above
Scribner Pond,7/27/2011,7/27/2011,2011,Norwalk,41.1091,73.4434,CT,CAES,N,N,0.97,7564.37,591.56,1.919,2,1,0.78,NA,NA,Y,0.6039,0.7105,0.7105,0.4973,0,0,1,0,0,0,0,0,0,0,3,1,2,FP?,0,0.49733,0,0,0,0,0,0,0,2,0.5045,0.1995,NA,NA,NA,NA,NA,NA,NA,NA,NA,NA,NA,NA,NA,,NA,2,6.15,0.25,2,117.5,10.5,1,8.1,NA,1,27.1,NA,2,34.15,4.15,1,1.5,NA,,0,0,0,0,0,0,0,0,0,0,0,1,0,0,0,0,0,0,0,0,0,0,0,0,0,0,0,0,0,0,0,0,0,0,0,0,0,0,0,0,0,0,0,0,0,0,0,0,0,0,0,0,0,0,0,0,0,0,0,0,0,0,0,0,0,0,0,0,0,0,0,0,0,0,0,0,0,0,0,1,0,0,0,0,0,0,0,0,0,0,0,0,0,0,0,0,0,0,0,0,0,0,0,0,0,0,0,0,0,0,0,0,0,0,0,0,0,0,0,0,0,0,0,0,0,0,above,greater,greater,above,greater,above
Private Pond (5) Lower/West,9/4/2012,9/4/2012,2012,Suffield,42.0026,72.6469,CT,CAES,N,N,0.28,2832.8,219.7,1.285,0.5,NA,0,NA,NA,Y,1,1,1,1,1,0,0,0,0,0,0,0,0,0,3,1,2,FP,1,0,0,0,0,0,0,0,0,1,1.4246,NA,NA,NA,NA,NA,NA,NA,NA,NA,NA,NA,NA,NA,NA,,NA,1,6.6,NA,1,336,NA,1,0.2,NA,1,20.1,NA,1,122.25,NA,1,0.5,NA,,0,0,0,0,0,0,0,0,0,0,0,0,0,0,0,0,0,0,0,0,0,0,0,0,0,0,0,0,0,0,0,0,0,0,0,0,0,0,0,0,0,0,0,0,0,0,0,0,0,0,0,0,0,0,0,0,0,0,0,0,0,0,0,0,0,0,0,0,0,1,0,0,0,0,0,0,0,0,0,0,0,0,0,0,0,0,0,0,0,0,0,0,0,0,0,0,0,0,0,0,0,0,0,0,0,0,0,0,0,1,0,0,0,0,0,0,0,0,0,0,0,0,0,0,0,0,above,greater,greater,above,greater,above
Horseshoe Pond,6/21/2013,6/21/2013,2013,Wilton,41.1823,73.4265,CT,CAES,N,N,2.23,22257.71,713.23,1.359,1,NA,0.8763,NA,NA,Y,0.024,0.024,0.024,0.024,0,0,1,1,0,0,1,0,0,0,11,3,8,SAV,0,0.02101,0,0.00117,0,0.00222,0,0,0,NA,NA,NA,NA,NA,NA,NA,NA,NA,NA,NA,NA,NA,NA,NA,NA,,NA,2,6.45,0.05,2,394.5,0.5,1,2.2,NA,1,21.3,NA,2,34.9,1.1,1,0.8,NA,,0,0,0,0,0,0,0,0,0,0,1,0,0,0,0,0,0,0,1,0,0,0,0,0,0,0,0,0,0,0,0,0,0,0,0,0,0,0,0,0,0,0,0,0,0,0,0,0,0,0,0,0,0,0,0,0,0,0,1,0,0,0,1,0,0,0,0,0,0,0,0,0,0,0,0,0,0,0,0,0,0,1,0,0,0,0,0,0,0,0,0,0,1,0,0,0,0,0,1,0,0,0,0,0,0,0,0,0,0,0,0,0,0,0,1,0,0,0,0,0,0,0,0,0,0,0,NA,lesser,lesser,NA,lesser,NA
